"X1","X2","y"
5.229823194611614,2.35714244903925,1.0
4.5735825473736345,2.275172199207635,1.0
3.798600079884153,2.1894857945057877,0.0
4.8089873223098465,2.9185524339506217,1.0
4.153776717036125,3.339195625707268,1.0
5.082706512083002,2.2920057694202214,1.0
5.423016766987066,2.815730285052101,0.0
3.5313785121486827,3.3822007036120256,0.0
3.524348512920649,2.3356056747389906,0.0
3.990319416801997,3.111051268141755,1.0
5.4084527483612135,2.2722429798644685,0.0
5.037105052306504,2.9402556740871155,1.0
4.33621836485414,2.4265189281888624,1.0
3.62714270515589,3.02146164576796,0.0
4.857840151518137,2.957165459960546,1.0
5.198078114730867,2.984183640132268,0.0
4.747394752017694,2.17209496727459,1.0
4.048793571903926,3.5081595951091034,0.0
5.646733912798707,2.508125253787663,0.0
4.952555853577024,3.3317049957629195,0.0
5.251447263536846,2.8472441829181716,0.0
5.609081061420577,1.9632874358456132,0.0
3.5847964506733176,2.209764571868316,0.0
3.866129130348929,2.35241033508292,0.0
4.616134865930285,1.9659908076784027,1.0
4.3161440476946975,2.654744721665068,1.0
5.625309103602651,2.491175231997942,0.0
5.058287115955175,3.430919819326532,0.0
3.940909677038321,3.024142407625898,1.0
5.405808716929069,2.361708693920519,0.0
4.431336298515733,2.281480867141229,1.0
4.1697550794740135,3.2882456286012673,1.0
4.440100797170102,3.3034383921604906,1.0
4.067147413948125,2.403038817044272,1.0
5.031458210040676,1.5019013534181256,0.0
3.9040393727460065,3.0597581831104015,1.0
4.976037893945957,2.261874090159842,1.0
4.440144355109648,1.6575436983341882,0.0
4.848330569935834,2.154074830002874,1.0
3.6351737895421943,2.888796375308243,0.0
3.6809353695696387,3.5515818156420162,0.0
5.000182315151175,2.515461546737545,1.0
4.523045304887446,3.343814680647291,1.0
4.203809860974394,3.445531492928211,1.0
3.229587375950963,3.596467902166726,0.0
4.269458803758842,2.728064257690971,1.0
4.4013338902500765,2.1148337612039616,1.0
4.240298823633928,3.787440094030287,0.0
3.87026183226829,2.254642569572407,0.0
4.990951704755383,2.7413979376918074,1.0
4.249913199966812,1.8432190928002075,0.0
3.5941590626447986,2.672426658359913,0.0
3.4548281193795676,2.871328952624901,0.0
5.252885409183791,1.442224753413229,0.0
4.352176241802585,2.2461539563775266,1.0
5.065184183485963,2.7912007267591696,1.0
3.7405942692990832,2.8601689174931035,0.0
3.5342866122792147,2.932480624101763,0.0
5.404143684717683,2.157743107049698,1.0
3.913030989542748,2.147318612703033,0.0
5.03245150984162,3.0309202711227043,1.0
4.770536644936547,3.3151824320240335,1.0
4.380835788370308,3.864254534757337,0.0
3.9988886933993357,3.410361562966535,0.0
5.058137410592156,1.5141962522101304,0.0
3.6257922006521763,3.760152432882203,0.0
3.380202051596514,3.1700499448653776,0.0
5.338787665548988,2.6458077450177684,1.0
3.558775721532253,2.9905543883281265,0.0
4.684933649485964,3.167688569317008,1.0
4.055003786865736,2.8274632958843693,1.0
3.647525556284842,2.730466566769098,0.0
4.074763003382667,3.225077714827354,1.0
3.486142485241025,3.320883654106466,0.0
4.827245432711973,2.171347165268866,1.0
4.667813819966196,1.771690575065331,0.0
4.85982371187689,1.3618351596666842,0.0
4.0963274869922115,2.576550864977507,1.0
4.680154109052415,3.1541527851878017,1.0
4.347721373235216,3.020106552388056,1.0
3.687609026498034,2.947200124945361,0.0
5.302805639131647,1.9251559054597895,0.0
4.755122271060415,1.6720576484163796,0.0
4.896474784972064,2.318381219259006,1.0
4.617212539370818,2.135381551642511,1.0
4.125609826684567,3.278238434446883,1.0
3.771381245809872,3.364012433285036,0.0
5.2427951925400045,2.2245595267006446,1.0
5.4348158129023485,2.184989711587546,0.0
4.779444727743233,1.842385979202191,1.0
5.130609974218676,1.9133499563695684,0.0
5.568959542385296,2.112816665868324,0.0
4.920470040108642,2.0841541318416112,1.0
3.5398622946842626,2.8279586893398156,0.0
4.5060399945459615,3.1532194625230616,1.0
5.413900825724744,2.169114027582369,0.0
5.064746734304515,2.672815396111892,1.0
4.9667655525991865,3.302553193484769,0.0
4.690137470629035,1.6745751539848057,0.0
4.438635685345773,3.2968095757397444,1.0
4.193241950128234,2.5948467476328814,1.0
4.366824329868666,2.048170307594738,1.0
4.879982493887594,3.242853036196111,0.0
4.95897960475247,1.8250871519861638,1.0
3.7475524931791293,2.495812981240811,0.0
4.405214018012082,3.6010062762743638,1.0
4.364232498036481,3.1161426847318987,1.0
4.125769448757297,2.8106446335390847,1.0
4.929702030962464,2.1721188561298517,1.0
3.660952254639141,3.772497350394382,0.0
4.910118148480025,3.505200287184741,0.0
4.842077675950116,2.9855466051489836,1.0
5.434593114891677,1.912370421916478,0.0
5.133831404518343,2.6146953144701364,1.0
3.7518841941383796,2.9182731451917325,0.0
4.572370186612542,1.6533367432006292,0.0
5.145389187852196,2.7710098087411863,1.0
4.613421313033599,1.639352578245767,0.0
5.620151488262238,1.8855271004909453,0.0
5.406702496239484,2.447658974416575,1.0
4.210169693740501,2.398879595982613,1.0
4.484667444484146,1.9140632440525642,1.0
4.538661179486717,3.6588996128633964,0.0
4.879264673068615,2.2369645684113104,1.0
5.678422351750507,2.6980389388578647,0.0
4.43102379897725,2.141843800672218,1.0
4.866696183347501,1.716754173013515,0.0
3.575078591513526,2.69831305842371,0.0
5.031762753511106,1.7824397549953124,1.0
4.739364661013604,3.213985591565281,1.0
5.462820308137066,2.2548318618497247,0.0
4.783004263850988,3.1379661450340257,1.0
4.71086299322772,3.2338027229847115,1.0
4.149971450113865,3.1891029239861943,1.0
3.8950642852255495,2.918628827403632,1.0
4.384555822380767,3.2336197468710393,1.0
3.8863237754882873,2.2038622111151795,0.0
5.5134755142453455,2.0422637188472303,0.0
5.192649141711418,2.5257562605801165,1.0
4.728038293372332,1.956837935846579,1.0
4.871050155333412,3.371006238023023,0.0
4.349742471031547,3.2818236980306867,1.0
4.989096570561901,2.4593224156534257,1.0
3.561832644269953,2.9586201293163517,0.0
3.4328855917702867,2.7012305727549473,0.0
5.118991280378855,1.6872028753908377,0.0
4.60183444207978,1.9365917746289587,0.0
4.807860529696652,1.4097937256597748,0.0
5.321748804454272,2.8719852313781087,0.0
5.519030956351813,2.890101767330468,0.0
3.788657952851233,2.8139385657782516,0.0
5.688988317863916,2.6708500713389425,0.0
5.124734195498032,1.35623781183857,0.0
4.218016013334688,2.8471343948715306,1.0
5.082368972791749,2.0213243728428165,1.0
4.917090627492369,2.405643250222297,1.0
5.3861214668987145,1.8711357758522056,0.0
4.385274378797635,1.7942574692570359,0.0
4.519436261114608,2.0144799090827936,1.0
5.499627628321889,1.8810537784227028,0.0
5.16880958586962,2.8987334206141404,1.0
4.959745238271092,2.2343202638134176,1.0
4.072653705845024,3.3878016935166606,1.0
4.5312876000942595,2.1456654722154775,1.0
4.734593864615306,2.445432415433482,1.0
4.7496167547357055,1.56134693498792,0.0
3.8498710254319715,2.0592038980260505,0.0
5.218829554495188,2.0653532077140193,1.0
4.10761933728257,1.8391678455055371,0.0
4.9058155198755,1.7467250032893578,0.0
5.1933806228252894,1.8924644309417111,1.0
3.937902031447294,2.4412906123288334,1.0
4.435676359889342,3.848267660089222,0.0
4.044952122509198,2.382867936526028,1.0
5.588358561424877,2.1849226381961273,0.0
3.839905267259305,2.895945791453748,1.0
3.24886125767296,3.268089478824776,0.0
4.393299621692795,3.5429150054890104,1.0
4.500207670165547,2.0153238115118723,1.0
4.255049322460814,3.688011711837421,0.0
4.0884302837393,2.625855365906989,1.0
5.070801252302341,2.5878959318587547,1.0
5.546597922871995,1.6132725415489766,0.0
3.959544830892418,2.2023742508310034,0.0
5.197117211369712,2.1168108218485955,1.0
4.857067213879031,2.000319584634823,1.0
4.034608863903525,3.139081023334879,1.0
5.3695032161928165,1.9063130315709977,0.0
3.9856273856719264,2.529797760893844,1.0
3.7826856414295706,3.4377532438279004,0.0
4.403763115209995,2.3724091042222257,1.0
4.282052998386918,2.3861362344225294,1.0
5.479718411246902,1.5637590174258618,0.0
5.422845100466655,2.437670196069468,0.0
4.062159435372992,2.830439827836808,1.0
4.122324400227111,3.440886123052391,1.0
4.085407577102654,3.2269541182725128,1.0
3.838600605770531,3.269010131642462,0.0
4.516649802832919,3.33545229649382,1.0
4.378766469438005,3.972352510911367,0.0
4.069924603071919,3.391625881340137,1.0
5.323099172524227,2.1581633446028667,1.0
4.215887730317263,1.7279393617560808,0.0
4.923066277850474,2.4574110076058036,1.0
4.456976093321001,2.2036216637724464,1.0
4.702694444488501,3.3706054797414424,1.0
4.095253356953864,2.4475667044941294,1.0
5.1818159168829006,2.4320865317667923,1.0
5.154798201267129,2.594195998495662,1.0
5.004620151234198,2.0227847159863015,1.0
4.722572083748092,3.566980397982338,0.0
4.609418132763444,2.9811577826052282,1.0
5.356684448658795,2.6469900258451653,0.0
4.845247813897067,2.155942989672851,1.0
4.701209886002259,1.9468654491361468,1.0
4.86042346964315,2.5682304083453817,1.0
4.070799768011162,4.1491897996332705,0.0
4.390932243426897,3.920713031509883,0.0
5.354561793409203,2.581741884442893,0.0
4.737705770308489,2.9854818138885353,1.0
4.1480905761284586,2.482300749505394,1.0
4.673587236146988,3.2894023349441226,1.0
5.056494963413611,2.0922949607464703,1.0
3.5871465069536166,2.983557644547237,0.0
4.976343499224608,1.61640951465152,0.0
3.5952654591556867,2.4527066547372236,0.0
4.609160227204444,3.254775953932975,1.0
5.031140388767482,2.5051888229684907,1.0
5.3831491033846,2.528641388921121,0.0
5.425070812624238,1.1144965890685565,0.0
5.024393460805721,2.520307856607737,1.0
3.8953767863991238,2.2836085842409255,0.0
4.434545492469366,3.350013275563877,1.0
3.8351045629126492,2.5205786079848225,1.0
4.923394361231003,3.0811971735655845,0.0
4.935356716167716,3.0951416949242656,0.0
4.245318197100459,3.3949467388003294,1.0
3.9303469041193497,3.47054015124575,0.0
3.8410505297300057,3.1410804997692514,1.0
3.6687450282197114,3.879168853670401,0.0
5.311373092749685,2.7007756950327857,1.0
5.556123703429791,1.8770580601501823,0.0
3.8994679087956055,3.8666763245539233,0.0
4.295296808079893,1.694259524359716,0.0
5.231419584431502,2.1665237010110174,1.0
5.491829390462488,1.9488081463094489,0.0
4.003230854813733,2.043850620042825,0.0
5.522467934028026,2.2603549848590068,0.0
5.808520208382851,1.6260054957869605,0.0
3.8633670858107765,3.442765034397137,1.0
3.728152266486471,2.941201094744324,0.0
4.035928291959392,3.4521497378082904,1.0
5.071520181890726,3.046329652124172,0.0
5.240375120986891,2.0924695142008702,1.0
4.942932777514078,3.2808873113388852,0.0
4.111644623646943,2.2283010897519633,1.0
4.261645600103223,3.682881575935486,1.0
5.680643738132757,1.767669572324377,0.0
5.094138352723402,1.639523114751465,1.0
5.718957300382903,2.504932448633041,0.0
5.176121668858276,1.9740599370302723,1.0
4.051418950075395,3.1732538588673798,1.0
5.352869613228783,1.6415793256308895,0.0
4.627170815895233,3.6856988513064968,0.0
4.381713329588311,2.2679364792017855,1.0
4.827443955318044,3.161780778048116,1.0
4.0953434746179145,2.9249644808556283,1.0
5.232707052923131,1.695214442803099,0.0
3.8418292175507567,2.4472672208324506,0.0
5.118695170902264,1.7905616470524715,0.0
4.337646305121633,3.1304982236303447,1.0
4.910952654185731,2.8849582145663515,1.0
5.28603155569146,3.016859547283686,0.0
4.158668464453604,3.8685381973736495,0.0
3.8630480379697163,3.058234515130647,1.0
4.48972371320198,1.9663641369056977,1.0
4.386515075795035,1.8698439429914058,1.0
4.965010416872952,2.6397221111211,1.0
5.160589866034601,1.656556627965057,0.0
3.848873448415627,3.71123056980305,0.0
5.101875991894535,2.307299794663572,1.0
3.951767634346604,2.3369571462537446,0.0
4.305926447207889,1.780235000479968,0.0
4.260672033247212,2.260285821515122,1.0
4.200838262372131,2.9002008758554134,1.0
5.439866136024247,2.791265237362238,0.0
4.530610321430055,2.1046269457064564,1.0
4.4432303587793305,1.9866833727986948,1.0
4.159257202047757,3.8814191790232577,0.0
3.5248136279586486,3.698625401624569,0.0
4.342832435165253,3.2035883873452424,1.0
3.461135610818216,3.697863270475383,0.0
3.919148513791581,3.0378039748997683,1.0
5.411819360493651,2.167859246659462,1.0
4.04498761787364,3.2562964294723624,1.0
3.952718302063257,3.8316173563452285,0.0
5.094915914209496,2.336002764488161,1.0
5.020742790179403,2.2164036431185608,1.0
5.459591651128972,2.246390416608554,0.0
5.595067102024371,2.2797984811854595,0.0
4.91953937775841,3.5688517353656772,0.0
4.9827455539732775,3.403103929505703,0.0
5.360545370983282,2.0422535009984255,0.0
4.848532883118704,1.4949566178136882,0.0
5.2122989185758835,1.5673535378072212,0.0
3.3746128142438963,3.1409353916901024,0.0
4.277118765832793,2.106622663103572,1.0
4.899720966311658,1.8427355399249694,1.0
3.503573096456358,2.506808673145406,0.0
4.091519048870707,2.8175919731041845,1.0
4.975571471291835,2.063146480456476,1.0
4.797867058799234,2.2759465586366163,1.0
5.059938229915039,2.6557455127468206,1.0
5.383714318860269,2.69391855607917,0.0
4.724571150807102,1.8392046465039569,1.0
4.620912239083775,1.832446231851893,0.0
5.119701051368641,1.5976509600912883,0.0
3.8383457913888983,2.644128162321426,0.0
5.128601889737056,2.8909748927386416,0.0
5.52560771478133,2.8688966871062536,0.0
3.9397898474628734,3.614938606662779,0.0
5.111653243568426,2.3400234135893405,1.0
5.0549465555474935,2.066056161529529,1.0
4.561086768806211,3.6265784301249413,0.0
3.7387077672788096,2.6219351306901464,0.0
5.245336983000762,3.230744207425643,0.0
5.327819505215539,3.0166333130852325,0.0
5.158816426942257,2.495037018336912,1.0
3.5919008340635035,2.757307224423246,0.0
3.9132995282879977,2.749048282783939,1.0
4.461028285117752,1.9728697189897015,1.0
4.201257487996812,2.8448570581127908,1.0
5.292606258900575,2.9347719351880635,0.0
4.139206407564409,2.4020559467034728,1.0
5.504194554879241,2.7311890400166705,0.0
5.063464030767464,1.6865577254816275,0.0
4.438564726309288,3.7731149633882346,0.0
4.30581223830994,3.172500979988768,1.0
4.920564463117298,1.5701081178172225,0.0
3.563016727025758,2.8499123936104325,1.0
4.790164571607194,2.1146918502131222,1.0
5.54268332349562,1.931807459000632,0.0
4.666912816914978,3.8260637233718198,0.0
5.348670913184577,2.20169717348279,0.0
4.229057303435244,3.48880723794863,0.0
4.2256157500899025,2.0446583243239913,0.0
4.760960129181526,3.4655259222218167,0.0
5.168341917381669,2.761511762353229,0.0
3.6898978525634445,3.1917756050648625,0.0
5.227265929350111,2.3679495566647053,1.0
3.850042990496576,3.002905075192396,0.0
4.762331156482568,2.965544530122773,1.0
4.697519626464558,1.69681360959755,0.0
4.950873308191661,2.0364996874693526,1.0
4.356654502830262,2.160722303279297,1.0
4.049752300906113,2.413537937234919,1.0
3.9713470650408467,2.1940988584200904,0.0
5.002637843721979,2.108455662461222,1.0
4.137750502467329,2.440294801925348,1.0
4.3680670448188765,1.9360127858336975,0.0
4.39416327252086,1.5820052643375246,0.0
5.302113906312378,2.283890381598412,0.0
3.720124139756511,3.911822071318666,0.0
4.947819358789722,1.6879329517990431,0.0
3.999463099695027,2.1574150647071195,0.0
3.816538247027867,3.6330379529654517,0.0
5.034886119317756,2.1605399110937453,1.0
4.337192704741275,1.584524917364662,0.0
3.8806709634604566,2.2114745194612606,0.0
3.2257666111733783,3.5802769326361807,0.0
4.942453511751892,1.9455347069590903,1.0
3.8836004453818838,3.8289765107659735,0.0
3.856840067364665,3.7967533212103377,0.0
5.05644885588215,2.1166358616001246,1.0
4.505143533868501,3.6757894282460777,0.0
3.94747722053281,2.4803926874808884,0.0
3.9932017570127467,3.0460034735317043,1.0
4.340291492797982,3.209793959811223,1.0
3.8874960751141208,2.3222274138726244,0.0
5.212348983547992,3.202762129884184,0.0
5.141115453034454,2.389385440421953,1.0
4.305057318698519,2.0327014967193695,0.0
3.8501731802397363,3.6439905923664644,0.0
4.675353217902221,2.0673840229341276,1.0
5.4535294974142285,2.51629388473897,1.0
4.766672251276441,2.0463407455586156,1.0
4.6453959966887055,2.8731904990818413,1.0
5.403804803974859,1.3863348209681692,0.0
5.81547945528305,2.184717872307524,0.0
4.028894881060739,3.007074292728551,1.0
4.209769982702548,2.9746888182064226,1.0
3.4889429934434304,3.1441340380873206,0.0
3.5689051890611494,3.097121995067803,0.0
4.726021275846691,3.0930202518372383,1.0
5.733848718011093,2.5608836277872697,0.0
5.1388517114141825,3.26746284878225,0.0
4.241368934392958,3.7055817859199944,0.0
3.9846496657672805,2.2255583162467376,0.0
4.052940016693875,2.6256419713657664,1.0
5.481315206111276,1.7358130678501034,0.0
4.251451226102945,3.5004570895309346,1.0
4.525011320403736,3.8452577859481756,0.0
4.345316561110112,3.1200501401538463,1.0
4.704369651357666,1.599898291390454,0.0
4.558795246913423,3.275003044289153,1.0
4.676784875319483,3.006446591096374,1.0
4.6778864419622534,3.4391309814934523,0.0
5.1175845769622565,1.701119602424721,0.0
4.28157336047693,3.3706389426906287,1.0
4.029137165151276,2.4983931596303224,1.0
4.423113402791605,2.1656533816311656,1.0
4.889245421699083,1.3963591244496654,0.0
4.947414157453359,2.860576080887807,1.0
4.843097266895465,2.6615288610728207,1.0
5.53743156979429,1.6917797980673173,0.0
3.6394631561193997,3.2563508991152075,0.0
4.300445568891292,3.570290962339329,0.0
3.737554468222964,3.9651692660044953,0.0
3.6655861713279894,3.062258687157351,0.0
3.9825827147960515,3.48023664396214,0.0
4.257209575984697,3.4267066782941358,1.0
4.333289567781132,2.2877101006974314,1.0
4.041910153722185,1.835314215537322,0.0
3.756148138473502,2.850579618666358,1.0
5.077876321324611,1.9884664771266531,0.0
4.46566877691317,3.434861238800775,1.0
4.2110787192635,2.435347614883257,1.0
4.262842281974786,3.959041263851976,0.0
5.649900753556288,2.1303612399595107,0.0
4.855863300402158,3.07000457063448,1.0
5.20065088255225,2.2848875518662495,1.0
4.6748389235384415,3.400354250134805,0.0
5.576501765037422,2.76045769172599,0.0
5.025521439081768,1.9437637104755368,1.0
5.470180191363894,2.5541835722711,1.0
3.413488150766892,3.6224033966455655,0.0
3.92740647712243,2.6623493039187647,0.0
4.0035027822052935,3.737208936244421,0.0
3.904103380351854,2.5120336981822566,1.0
4.491473785852002,3.208994041269405,1.0
4.2116852435274,3.175581994287034,1.0
3.918558834428018,3.93671737180997,0.0
5.136718350338157,1.968122784174611,1.0
5.050464578360712,1.6636457461895904,0.0
4.801286285919829,3.5182915357386415,0.0
3.8135447927267334,2.9212583706534403,1.0
4.314897608309504,3.2025000880207664,1.0
3.5453262101852134,3.271178965352831,0.0
4.443708832319576,1.8903883115096125,0.0
4.618011691039089,3.112005913397148,1.0
4.036642466571493,3.314225864210429,1.0
4.629030807466313,2.0300509321072595,1.0
5.433007725556324,2.0386086645084855,0.0
4.888814456657505,2.218870208005006,1.0
3.643110976410079,3.3367528900220593,0.0
4.694761928439947,1.6616595208229716,0.0
4.736104980492965,2.0021773259238964,1.0
5.137003344780586,1.351497088364767,0.0
3.927578945635677,2.455248092655848,0.0
4.027686957220707,2.7473109641279354,1.0
4.769757694445663,1.9496271297764154,1.0
5.424551565468467,2.1388709559858565,0.0
5.79452245014302,1.71029859430024,0.0
3.6372577096453225,3.2631569668746327,0.0
4.821160314348793,2.106983036538918,1.0
5.550721309995337,2.1788227618313467,0.0
4.556484395581691,3.2098284041483334,1.0
5.012952544572699,2.6255750943227514,1.0
4.8334384101455665,1.3783927633180595,0.0
4.110938182860345,3.1830241160662713,1.0
4.553014206762701,2.147476816260869,1.0
3.9668298532669546,3.222173123217325,1.0
4.672902925659617,3.459599042914808,0.0
3.7631105743242173,2.3332286497540955,0.0
4.9691005044134755,2.95294976424563,1.0
4.091214129630839,3.157718922915063,1.0
3.6994231107367996,3.6013995767340923,0.0
3.880286689971957,2.4141012916772167,0.0
5.2908408663704645,2.836976362671331,0.0
5.106807517154585,3.2591374213048496,0.0
4.266194005319589,2.0691709979077406,0.0
4.700024034705267,3.3353627479375065,1.0
5.717810070854895,1.6742214022875124,0.0
5.743129311253124,2.5020813626651695,0.0
4.593385777255668,1.584384023166127,0.0
4.863128064480734,2.8312049181918564,1.0
5.432275590021707,1.3044866437462872,0.0
3.68987525836998,3.603461145057034,0.0
3.6266937100409438,3.218403326382579,1.0
5.113368409538031,2.3507213724147733,1.0
4.650688725901983,3.287390180721076,1.0
4.1733170641662225,2.4665375051722256,1.0
5.422438839597596,1.7838466338019126,1.0
4.129401468843432,3.358763269782321,1.0
3.5835282519198577,3.6966886616245485,0.0
4.746013569806352,3.300527034615948,1.0
3.5205027398702473,3.9730594156143404,0.0
4.322914074106485,1.92131851797105,0.0
4.239313608707109,3.5825368121624726,1.0
4.652171416518381,1.704071769917614,0.0
4.604679611907316,3.376219645812139,1.0
3.997695780379372,3.7773186853459104,0.0
3.890359335868106,3.3444055817009652,1.0
5.004961033915799,1.4330354932451832,0.0
3.916664161977512,3.6081108752338187,0.0
5.021517735038493,3.1956031029764147,1.0
5.0838662992925565,1.8132679041838613,0.0
5.184809476332022,2.442492465469569,1.0
4.396443446153614,3.2433065019513423,1.0
5.27759529981415,1.599372742217474,0.0
4.195547397667919,3.9859376637546187,0.0
3.562278554715105,3.460898571761668,0.0
4.080875393773636,3.6577081660156017,0.0
5.108738303817816,1.4934865264737236,0.0
5.144827609860431,2.5434904151634266,1.0
4.893285778976029,2.1490201909917497,1.0
4.424104689598239,2.482581000176552,1.0
4.570415819697475,3.2844657187241015,1.0
5.0131653426121705,3.2629536665438557,0.0
4.16490325824204,2.467309097291713,1.0
5.465820386782359,2.153662524042878,0.0
5.356101079331319,3.1547164605219287,0.0
5.25921670187771,3.0655138112089664,0.0
4.952401663576048,3.2172470440937815,1.0
5.45329704832777,1.8264198307812687,0.0
4.831169731844861,1.7366470204999542,0.0
5.971106653824021,1.7715173698933668,0.0
4.164712987464007,2.6321059040664347,1.0
5.252305340688277,2.3609654430115112,1.0
4.59596977743988,3.712011410532892,0.0
3.806824742049631,3.3544566711170245,1.0
4.355179924953341,3.5207692831225277,1.0
3.7671363196734378,3.389011206979669,0.0
3.924360309432723,2.2112519804494735,0.0
4.927257791363987,3.4306730157785106,0.0
3.9139397053810643,3.246809319597791,1.0
5.550511923285721,1.6536394697733618,0.0
3.4711775528853934,3.5752871978998058,0.0
4.578615949153015,3.549587883716447,0.0
3.540030485175314,3.238855711897227,0.0
5.0688221754438025,2.2422139812483124,1.0
4.6634926820292035,1.9958411752019742,1.0
4.613348248626966,3.21542743625035,1.0
4.008779926106355,2.444988814677529,1.0
4.444450245448699,1.8920857360445262,0.0
4.20874806375929,2.097455195916874,1.0
5.444300664985004,2.605309858395999,0.0
4.476318266703105,3.445436589799958,1.0
5.273342869274026,1.7048485047863733,0.0
4.708467967508396,1.952033033754046,1.0
4.565525270343709,2.103734341920167,1.0
5.6364124998903495,1.936795165644446,0.0
4.481186388157927,3.863238139880086,0.0
4.3586903896744795,1.868720733187756,0.0
4.575496174047594,2.0622072230171757,1.0
3.7148776565347625,3.1096360386667543,1.0
4.234090251859369,2.540000024244946,1.0
4.837658249964942,2.898560965684835,1.0
4.898437547415317,1.7283288562599441,1.0
4.101304664085029,3.421847619384671,0.0
3.9873239986638556,2.615318693528354,1.0
4.637417032913078,1.8268006849716105,0.0
4.078415935714524,3.32859331322694,1.0
4.092104425048088,1.976446076441659,0.0
5.211364179717696,1.464913301967083,0.0
4.4979684500439525,2.2695978956003673,1.0
5.252574558932521,1.9721585446850671,1.0
5.3970366655007584,1.7371473920997946,0.0
5.224745791284243,2.878738332455976,0.0
3.9897444490042835,2.9312435335039106,1.0
4.363762439865188,1.4817891707903075,0.0
3.5138103675958714,3.101768159015628,0.0
4.941176939088079,3.6249921605678956,0.0
4.23560698471593,3.196725959953935,1.0
5.187311394560246,2.5692207522764137,1.0
4.684280701422993,3.467609469853983,0.0
3.5564889122218393,2.8541856520736593,0.0
3.7919177271276774,3.164781494583045,1.0
4.222403695095159,2.7963814768793958,1.0
4.587616648618588,3.85453282151515,0.0
5.610867309573168,2.0706331576555197,0.0
5.184148004445715,2.202159351052999,1.0
4.301909079046625,2.4204288705662167,1.0
4.013204744336016,2.9457197284091614,1.0
4.123572259617553,1.9492868913879227,1.0
4.82908067180098,1.3618306029537977,0.0
4.106648921404502,3.2335285261986457,1.0
4.270260744800447,1.8142246541908937,0.0
4.201245915821284,3.9988360794160083,0.0
4.899682127525804,3.0718517418692732,1.0
5.252967455161153,2.557674513088492,1.0
4.264694146231909,1.7189829296521832,0.0
4.876338205019219,1.934476344215904,1.0
5.229349849500519,2.5255086749198385,1.0
4.451948224412745,2.3113568224268195,1.0
5.495567259820953,3.151556492191735,0.0
4.965412383699086,1.5067169740636221,0.0
4.888322783621809,2.7496619945149314,1.0
5.7723495795629916,1.4757740857184836,0.0
5.327588775835288,1.9915938823384978,0.0
4.494159618292223,3.27972608411514,1.0
4.191561335887216,3.3145640176246722,1.0
5.228189658872475,2.0976756227728903,1.0
4.4306869577553725,1.8985071351988703,1.0
4.485632861033018,3.3068927018117784,1.0
4.877039589857983,1.8827295416591503,1.0
3.598333320114997,2.50108772094899,0.0
4.271407180698685,3.2791549990904816,1.0
4.192737434331821,3.543055835557878,1.0
5.008544871302406,3.046037403889877,1.0
3.8282689017076037,3.604180976945318,0.0
4.253805183003771,2.019598075109221,0.0
5.197924224392845,2.6751876912813817,0.0
4.355269751713089,2.563454308486862,1.0
5.067522670537016,2.025782375789765,1.0
5.643900577660676,2.001350206112834,0.0
3.984579368322583,2.6563137659108444,1.0
5.429906443033658,1.612786754983677,0.0
3.962916871770363,3.3856582105584114,1.0
5.249893842125585,1.8731007835394364,0.0
5.087789171400958,2.9593671763470195,1.0
3.727812469579242,3.4891977478548117,1.0
4.785545179492722,1.8568774052812183,1.0
3.72211590385794,3.4792149824782896,0.0
4.140899846977312,3.611457725829768,1.0
4.699448490682427,3.0346578293139124,1.0
3.7040679553162392,2.793587267490999,0.0
4.107403216365355,1.6931216413599286,0.0
4.164839260522799,3.3621826093316582,1.0
5.392440574343754,2.4311510759865405,0.0
5.044990620536125,2.1943971125781236,1.0
5.265871945895631,1.7978719171754238,0.0
3.834244680800653,2.7467868811924516,1.0
4.300512867211757,3.12240813792258,1.0
4.714533044474577,1.829763627566115,1.0
4.992014760927848,2.6145710602706775,1.0
5.017276917348437,2.9725956299133114,1.0
3.8967885115152,2.837862737987379,1.0
4.685842301273661,1.9471168300153936,1.0
5.127558958197093,2.633444870112156,1.0
4.790137863065148,1.8330199034966217,1.0
3.5278828300813947,2.850935051128525,0.0
3.7868728282561595,2.6856835914699864,0.0
5.739528225884365,1.3050160384427651,0.0
5.148288325819026,1.5510876392715702,0.0
3.866467717761343,2.7460443995235493,0.0
4.629072914217417,3.3469125010374086,0.0
4.747416464839501,3.0831499891999194,1.0
5.222786453110513,2.0892881809004757,1.0
5.407302619738101,2.2181745391472836,0.0
4.373319336905949,3.367138792149748,1.0
5.382107167524321,1.9156266178467019,0.0
4.735348580883133,3.0345758934654308,1.0
5.29705584539791,2.1266981569620187,1.0
4.190510674651057,4.001569555377089,0.0
5.383801187461208,2.0372426151956744,1.0
5.004945650829745,2.2732907730869636,1.0
4.136873440512997,3.2428670600501848,1.0
3.9972732483705458,3.0400727088739505,1.0
3.74982507074407,3.8675954469045055,0.0
3.905088928460373,3.6472003080582307,0.0
4.51745474917233,3.5235300856602088,1.0
5.051736211715573,2.676149711066611,1.0
4.579942058182882,1.8192228275503157,1.0
4.09851827670867,3.62023945468713,0.0
4.881165215397858,3.2683198821301067,0.0
5.571767830419571,2.4999425779142235,0.0
4.718534350599463,3.1987740856784903,1.0
4.918140071291951,1.702266715583723,1.0
4.259399876987936,3.4203602473115033,1.0
4.994629024308716,2.666139792113587,1.0
4.206822447137503,1.9137197202786724,0.0
5.352046056574672,2.071679143103016,0.0
5.611409220534709,2.0805750707213404,0.0
5.278071829633269,2.0204227090660694,1.0
4.929951668673277,1.5635551206661347,0.0
4.120523785871055,2.9276955841863312,1.0
4.880896578628391,3.320900812497641,0.0
5.0654609540493265,1.6492129705083567,0.0
4.843213404270276,3.4749284071159865,0.0
4.428697777819782,2.2236122789397426,1.0
4.8376753495063545,1.968783088464476,1.0
4.37525797537967,3.2962988173575525,1.0
5.228224999264407,1.410902761231071,0.0
4.2589798940633665,3.0796300409596493,1.0
5.222622324867612,2.2609357645682104,1.0
3.86954297718133,2.7246596241775505,1.0
4.095739499859416,3.0685570567124456,1.0
4.8746032407475,1.9006536928984124,1.0
4.215541130455361,2.5076833863253176,1.0
4.029222924543074,2.1087501213351185,0.0
5.04732798474787,2.8745519566837148,1.0
4.164098537733965,2.0922205127781037,0.0
5.30602098893957,3.2703227640616106,0.0
5.082262151464288,2.567182711577115,1.0
5.251594087102168,2.5073806672159513,1.0
3.892090688914763,2.1376944804828453,0.0
3.6274109964435244,3.3441030197133106,0.0
5.000544036289473,1.883590419992581,1.0
4.173037140914843,3.756036524365111,0.0
3.7741994493102653,2.454032610076367,0.0
5.351919681815992,2.997279799232518,0.0
4.726494821163619,3.408575546318544,0.0
5.1745615928383435,2.3496488041044508,1.0
4.106032436270403,2.2849455256646203,1.0
5.259513940055571,2.1046262506038724,1.0
3.8305451310963434,3.798848019092685,0.0
3.794454652258592,4.071004930957216,0.0
4.17398413182466,2.010460624193516,0.0
4.417730230175597,1.6576326275374837,0.0
4.089205625811456,2.5810908388162837,1.0
4.784556777303405,1.8897648582185136,1.0
4.461374043154783,2.2642348674057233,1.0
4.14633794323316,2.611508696857729,1.0
3.6856404333324884,3.8056643413127036,0.0
4.27074956984125,3.8339761925566034,0.0
5.451402864853203,1.6327658417421866,0.0
4.3151810892344455,2.1047771166291467,1.0
3.5315223776922373,2.8563316951002484,0.0
4.47732873979457,1.9890004601209559,1.0
3.6435073757656347,2.43505829343621,0.0
4.948499660954977,2.1155066373209475,1.0
4.987034314458381,2.4680248351212652,1.0
3.423354725405148,3.7099145533039923,0.0
4.3023020264152665,3.538563413132012,1.0
5.761107854965276,2.6275049713135425,0.0
4.765115315703454,3.894001007112711,0.0
5.495080266636257,2.582331649032573,0.0
4.313064336399608,2.1963862189221057,0.0
5.157384005029573,2.8175222929944876,0.0
5.351377422137534,1.809784529854433,1.0
3.6256862015871274,3.894762253804796,0.0
4.96333559877683,1.8855813832180086,0.0
3.8408272698357013,3.038652439624541,1.0
4.939230538301711,1.5266201842242564,0.0
3.9665157093962775,3.159898048279548,1.0
3.6387751912674102,2.7047233051353463,0.0
5.169768327221262,3.2412962957823788,0.0
4.643338313158961,1.4516741665223383,0.0
5.119146868837391,2.492429287740559,1.0
4.999274413901449,2.7930198007812836,1.0
4.9048682262084276,2.769415800252969,1.0
4.4077425760808975,2.170974787625265,1.0
4.1023816190382165,2.057106970272755,1.0
4.5854221672029345,1.8653259365887018,1.0
4.253012774742011,3.031083494261093,1.0
3.623942869552632,3.7474083570387573,0.0
5.22418473139821,2.444662760624968,1.0
4.139630450851577,2.303981292145053,1.0
4.398805920679992,3.1910474507782136,1.0
4.392744866983759,3.3754762762532895,1.0
4.245190808824057,2.28304872860367,1.0
4.988295343463684,1.497885692326951,0.0
4.214216509979836,3.2796832531381277,1.0
4.496912106413637,3.701761662360628,0.0
3.8134512545332484,3.556563446603306,0.0
4.786897549319345,3.151784370983939,1.0
4.28542230843083,2.114124567145094,1.0
4.182775653846755,2.244077633980345,1.0
4.471070618118866,1.9360965961042265,1.0
4.120358087264094,3.0337562749460116,1.0
5.1229054062618475,2.278535817065898,1.0
4.126234664719538,3.1740727530692334,1.0
3.989377851727258,3.074017634209513,1.0
5.0694805929160625,1.6915156398587616,1.0
3.713524367561382,3.438385960997917,1.0
3.5813834381458216,3.3895828771771823,0.0
5.57905072048581,2.8562327230754128,0.0
5.799861082255382,2.442478299473845,0.0
4.674708486266048,1.7025647107985757,0.0
3.50918437853133,3.6270048136184747,0.0
3.959763164597436,3.0032840416256428,1.0
4.5229127509687785,3.7374291790513285,0.0
4.227655855032337,2.0301964037312485,0.0
4.4927258121318525,3.648308412164731,0.0
3.8939281968720527,4.095649212166752,0.0
3.527232907828962,3.485430331453623,0.0
5.094219616939931,1.3596192534825242,0.0
5.117909926347847,2.605840260234867,1.0
3.686498727769716,2.9086164284192693,0.0
4.956493433308875,2.227059466038125,1.0
4.788322480568416,3.105760454600082,1.0
4.179171706510045,2.499095255215235,1.0
5.183247402704596,1.7986762476220985,1.0
5.313958944528633,2.7741329458048702,1.0
4.169961118170493,2.119154297570806,0.0
5.339279532402152,1.8490606461590242,0.0
4.074919266543854,2.0190255628540528,0.0
4.579986577415494,3.737481973661634,0.0
4.983155396451906,2.5875101802330933,1.0
5.21956443430642,2.3869161085217345,1.0
3.633351794546666,3.2435969729269067,0.0
4.30306712800425,3.020495254558238,1.0
4.845192977476977,3.198411726177217,1.0
5.166669607060296,1.725035870303915,0.0
4.621116945351039,3.523739729759669,0.0
5.628681486585428,1.6164551910802116,0.0
6.043877545326166,2.3188527061504414,0.0
4.935925265296083,3.501235216448844,0.0
4.1337677445187015,3.6757300216477597,0.0
4.11932690418614,3.877964420023882,0.0
4.925187204610165,2.790826363095375,1.0
4.057980861496693,3.399999699044394,1.0
4.624914263069025,3.0815836727344057,1.0
5.462861447461854,1.746661885673201,0.0
4.77727423909283,2.969667212787985,1.0
4.44535874202147,3.6307066092423925,0.0
3.872299867652551,2.9098019524894223,1.0
3.7676884902348338,3.1383042821137477,0.0
5.178100400842105,2.087184525565107,1.0
4.006424062432973,2.297160317310846,0.0
4.679020372714195,1.8809171768701811,1.0
3.3418106592766184,3.4446113236294758,0.0
5.46981490398401,1.5579982950263984,0.0
4.793233939241555,1.5298943903877182,0.0
4.820243801157989,3.143388515413058,1.0
5.479157251193233,2.3507854715094907,0.0
3.924587786229181,2.1937314845735516,0.0
3.80117697569229,2.2220566446162313,0.0
3.7114961236789807,2.4550865809535996,0.0
3.598578583856894,3.599584405418604,0.0
4.991361629587523,3.3375721195893497,0.0
5.041774508113475,2.7460636915226058,1.0
4.103037437046234,2.3344103221901156,1.0
4.4597053993275555,3.26012917068598,1.0
3.427925456952191,2.9880013273309287,0.0
3.7668832955458376,2.932099163051979,0.0
4.888308596022569,2.6526256769440946,1.0
5.091864485315594,2.076371693958882,1.0
5.290765955581703,1.6783024793311339,0.0
3.9393622282466136,3.830300885061311,0.0
4.669230578574852,1.4501912660201925,0.0
4.436253971928617,2.2323545789284296,1.0
5.135292367563992,2.3702659687846674,1.0
3.647029339424531,2.8690651740422695,0.0
3.784710010404522,2.759119431388052,1.0
5.021130267073003,2.053651513761486,1.0
3.9164872266387483,3.97424933266013,0.0
5.4977349470854024,2.500594963043444,0.0
5.106591510824,3.4125107902183696,0.0
3.7842675348016326,2.645127053040799,0.0
3.8974974149353985,2.8545919527491153,1.0
5.653412847947377,2.2063208803230685,0.0
5.356173464417171,2.4957814754602725,0.0
5.2624359227628075,3.250989460952354,0.0
3.980672835446348,2.730200188481509,1.0
5.531067810481436,2.721116787742058,0.0
5.055933494803127,2.3397738239303285,1.0
4.930248616973616,2.9023770522173447,0.0
5.563889745508162,2.652734164297675,0.0
4.0746971802656375,2.6132942673640343,1.0
4.843091080726465,1.7865748217490722,0.0
4.82219177673921,2.952115780468709,1.0
3.4982527377176287,3.756247987133318,0.0
4.429140263674296,3.5218721151245154,0.0
3.8773033507465584,2.9488818871697453,1.0
4.823397917125637,2.966873825764783,1.0
4.662035529557439,3.5619407676649977,0.0
3.7706256651210777,3.2438959075421554,1.0
4.9701731771072675,2.708786862025992,1.0
4.988799883484935,3.2400285696288234,0.0
4.563123291733335,1.540720595877134,0.0
4.610306190206387,3.541526464179955,0.0
3.992091900976508,3.48211215401073,1.0
5.6213224679250136,2.5823730967072036,0.0
4.579692409529632,2.215316985693322,1.0
5.006127525485399,2.935945783735796,1.0
4.488899988490937,1.8428037371836279,0.0
5.140655665624716,2.686337170228806,1.0
4.576649491778518,1.9232352494654819,0.0
3.9813285730507983,3.347584018714728,0.0
4.566492670646251,1.429102416844231,0.0
5.133115433113566,2.499029022293062,1.0
4.572583647042079,3.2632341426629337,1.0
4.762577996557796,1.4291212893353313,0.0
4.26123040728158,2.1114546411227586,1.0
4.032362243903143,2.593801722821912,1.0
3.634696152090675,2.711234330431179,0.0
3.9766679048646045,3.43829330932347,1.0
3.5885604046849204,3.4743367810538213,0.0
4.417527773554671,3.4959032686972913,1.0
3.7507303115857122,3.751506973825035,0.0
4.968766101669283,3.4418880971038854,0.0
4.999661881590221,1.8419306388845194,1.0
4.9932321418280035,2.0810686629299004,1.0
4.0757904387428985,3.5797482504805993,0.0
4.8820896234949664,3.0684482670149573,1.0
4.025924461416249,2.500634871334083,0.0
5.169349266788201,2.9473012201674504,1.0
4.375767199241642,2.329639781281395,1.0
4.399789396416475,1.5890743456078604,0.0
4.068667794605417,3.122247115444364,1.0
4.345253392715601,2.2705349066798526,1.0
3.6681587433267637,3.322322584208819,0.0
4.471483619265724,3.157531425514943,1.0
4.344359783253779,3.7299732054647987,0.0
4.397073654752295,2.526719784367917,1.0
3.8636565373658964,3.950350522973755,0.0
4.377662160273228,2.1927305992625716,1.0
4.419929759804595,3.779346643914148,0.0
4.929779035437567,2.2832751536788725,1.0
5.392717224960903,2.7549894650303206,0.0
4.0748143800046375,2.768682690469923,1.0
4.0129586475793415,2.366321252419475,0.0
3.859038357341283,3.2672399007869624,0.0
5.115994971514059,3.1888640061317775,0.0
4.648868554414659,3.014459533706176,1.0
5.146508812092259,2.4654465230580453,1.0
5.014163166138022,3.034308583918751,1.0
4.606974620456738,1.447977102643431,0.0
4.882891207643609,1.8081744604240353,1.0
4.928566973282964,3.245734894359475,0.0
5.014449508187051,3.65215658754504,0.0
5.058860437107736,1.7213729588870132,0.0
4.251036857348366,2.524781045161532,1.0
4.566297441206186,3.870072062603074,0.0
4.515176900126202,2.236189554420037,1.0
3.864870281299846,2.652193398348724,0.0
5.482983881884579,2.8570647008244547,0.0
3.7710853690197914,2.3315226140874548,0.0
3.473795493159293,3.107859573198492,0.0
4.802940646150762,1.7692325402972688,1.0
5.145448224692084,1.9188408353889712,1.0
5.410348918512756,1.3252674299655665,0.0
5.504832413825367,2.7656084206695546,0.0
4.715033098837713,3.412289734661249,1.0
4.63833421701747,1.7392152111464214,0.0
4.2027050431725606,1.9323541669814135,0.0
3.4427762640289514,2.8675789178757998,0.0
3.947411319951319,2.91186311245628,1.0
5.4240591584612625,2.1422225655081597,0.0
4.6658543669524875,2.846982519231271,1.0
4.834999609960168,2.0424893182631143,1.0
5.105029945922258,3.320036664559594,0.0
4.925387882696088,2.2064414648102324,1.0
4.973197830529456,1.746416632071472,1.0
4.68846019697923,3.3178682878716246,0.0
4.583363923098056,2.3002930191906295,1.0
5.400391701928842,2.540601644178767,0.0
3.726024808534139,3.87593452003326,0.0
4.6135046519148135,1.8612183744812454,1.0
5.735531394846745,1.4432412571212931,0.0
5.366015324819963,2.327871750081632,1.0
4.056471375430323,3.1368012938024137,1.0
4.256943715603927,3.6093152730473284,0.0
3.5533110319655568,3.2020804310787767,0.0
4.205019126329277,3.219752235532499,1.0
5.125905938494242,2.4302294932622392,1.0
5.338836995106358,2.6132918674292624,1.0
4.223370510340704,3.2677827570994236,1.0
4.0716784143139115,3.124271169590199,1.0
3.43236668116658,2.9473980104478947,0.0
3.607198173670542,2.535811950410384,0.0
5.229100310639907,1.5999693438777414,0.0
4.813897966876764,2.0421545286245664,1.0
4.265590624027846,3.431097859562909,0.0
4.2057136537092745,3.3380773595598328,1.0
4.137006672993578,2.523860604040348,1.0
5.194575730882839,2.19535711810121,1.0
3.9120135008662853,3.6264376227572037,0.0
5.067275775219648,3.717473838112241,0.0
4.446559923164302,2.0717302911015985,1.0
5.296630679076676,1.8292824025262924,0.0
5.238692102290319,1.6928009648079836,0.0
4.566292714220596,2.012975125926261,1.0
3.971974413534755,3.382816705727306,1.0
4.271130388461879,2.7278394042965806,1.0
4.530791326639427,3.827919456813276,0.0
4.830636431642322,1.8838132897053972,1.0
3.899805702799165,2.7529642152128835,1.0
5.378822292189057,2.7466551029930333,0.0
4.2144719257325285,2.0109961912767975,1.0
5.131841924890591,2.608275295529581,1.0
4.044156609154371,3.783326983368254,1.0
4.143120554031866,2.26193461279202,1.0
5.0158070002529325,2.129496420461133,1.0
3.9896981211949933,3.7591663895033944,0.0
5.183108927059869,3.2283131997776837,0.0
5.40429981197667,2.72675722757652,1.0
5.49436829320651,1.688896962496042,0.0
4.300200531233728,3.12941475811559,1.0
3.927931784990271,2.38106446100294,0.0
5.006262392028198,1.4464753710908664,0.0
4.655766802033995,3.0036193086090988,1.0
5.418007219937507,1.6331143805675339,0.0
5.098475472547965,3.2401458327542683,0.0
4.782438427620748,3.266189629566525,1.0
3.943843368598112,2.5594698805243965,1.0
3.733868809595456,3.189718811098494,1.0
3.6689323052657357,2.5670693276813576,0.0
3.9520900646056285,3.024042206975359,1.0
5.6542205961234915,2.1015899610277207,0.0
4.258129251959282,1.8552149622520626,0.0
4.034126819549489,3.019690439025481,1.0
3.7358377508580807,3.216678665128507,1.0
4.331859357736122,2.583249674057687,1.0
3.7589392566451485,3.7621100047903604,0.0
4.576112102115974,2.9442745262691865,1.0
5.097624655642176,2.741262673709472,1.0
4.076600693363422,3.257633675590373,1.0
